model_name,strategy,train_dataset_type,epoch,validation_accuracy,validation_precision,validation_recall,validation_f1,validation_roc_auc,test_accuracy,test_precision,test_recall,test_f1,test_roc_auc
microsoft/deberta-base,concreteness_score_addition,train,1,0.6927374301675978,0.4218020040624624,0.3559372710929617,0.3768922810205211,0.7322247730008058,0.7109181141439206,0.43716666396861975,0.355651127194351,0.3810411090174126,0.7480621093169341
microsoft/deberta-base,concreteness_score_addition,train,2,0.6970825574177529,0.42389880772256855,0.3704935960884305,0.3897601769441422,0.7471510359169014,0.716501240694789,0.44323430934064056,0.37569205891207735,0.39911016466674515,0.7521232228941506
microsoft/deberta-base,concreteness_score_addition,train,3,0.6952203600248293,0.4348065391611574,0.38111757381859046,0.39849114414004394,0.7416702204465793,0.6972704714640199,0.4138699623541438,0.3711096128936415,0.38568488972615833,0.7579992280838453
microsoft/deberta-base,concreteness_score_addition,train,4,0.6759776536312849,0.41413428206531655,0.39330102647539245,0.3980007288956302,0.748235621212072,0.6879652605459057,0.4026696303910632,0.3847691512430508,0.3896345834849244,0.7618493948553722
microsoft/deberta-base,concreteness_score_addition,artificial_train_combined,1,0.7039106145251397,0.46636108745345195,0.2844471549676165,0.3024495550597215,0.7255222363745157,0.7047146401985112,0.4636635811970497,0.2673219093360747,0.2824098002680195,0.7261880371937802
microsoft/deberta-base,concreteness_score_addition,artificial_train_combined,2,0.7001862197392924,0.4313624685543007,0.37017312247760786,0.3906041688156536,0.7544576455072842,0.7028535980148883,0.4307420925470572,0.37248031799696274,0.3916704786107582,0.7577852008439887
microsoft/deberta-base,concreteness_score_addition,artificial_train_combined,3,0.7008069522036002,0.43372110615727993,0.35924115103188076,0.3833207575524618,0.7504109898389111,0.7016129032258065,0.41672846830686383,0.35746604705958596,0.3790137377770292,0.762922571283715
microsoft/deberta-base,concreteness_score_addition,artificial_train_combined,4,0.6852886405959032,0.42041506738416123,0.4033622116266014,0.4086436760613049,0.7511751212301095,0.6755583126550868,0.39591511608405844,0.37608030012206095,0.3820738656746448,0.7608685996900985
microsoft/deberta-base,normal_finetuning,train,1,0.6641837368094351,0.13283674736188703,0.2,0.15964192465497945,0.4925887407513775,0.6836228287841191,0.13672456575682382,0.2,0.1624170965364775,0.5066870287818176
microsoft/deberta-base,normal_finetuning,train,2,0.6641837368094351,0.13283674736188703,0.2,0.15964192465497945,0.5096583369009977,0.6836228287841191,0.13672456575682382,0.2,0.1624170965364775,0.5172044720802876
microsoft/deberta-base,normal_finetuning,train,3,0.6641837368094351,0.13283674736188703,0.2,0.15964192465497945,0.505349078749955,0.6836228287841191,0.13672456575682382,0.2,0.1624170965364775,0.4953449943917754
microsoft/deberta-base,normal_finetuning,train,4,0.6641837368094351,0.13283674736188703,0.2,0.15964192465497945,0.516211649922823,0.6836228287841191,0.13672456575682382,0.2,0.1624170965364775,0.5157325885822553
microsoft/deberta-base,normal_finetuning,artificial_train_combined,1,0.6641837368094351,0.13283674736188703,0.2,0.15964192465497945,0.6165894658085169,0.6836228287841191,0.13672456575682382,0.2,0.1624170965364775,0.6273248596128914
microsoft/deberta-base,normal_finetuning,artificial_train_combined,2,0.6846679081315953,0.31039490257566216,0.2748058938449449,0.2746759570155926,0.6959619673936746,0.6823821339950372,0.2946252088826346,0.2653234177868652,0.26474779389471337,0.6739537012060015
microsoft/deberta-base,normal_finetuning,artificial_train_combined,3,0.7063935443823712,0.44152247365284125,0.3235349984615543,0.3355544508842557,0.7025269399741252,0.705955334987593,0.43663118974394416,0.3102390563351434,0.3187718336599571,0.7143608138524307
microsoft/deberta-base,normal_finetuning,artificial_train_combined,4,0.6989447548106766,0.4224931129839001,0.3815299063116149,0.3963069245486375,0.7026333772450581,0.6947890818858561,0.4053880441760006,0.3540037620310231,0.37207936495225263,0.7074599270943533
facebook/bart-base,concreteness_score_addition,train,1,0.7070142768466791,0.36399443772173024,0.3070603925335841,0.31791435746436125,0.7120372589799651,0.7053349875930521,0.3375714285714286,0.28835432254569604,0.29675173294200463,0.7358062994449799
facebook/bart-base,concreteness_score_addition,train,2,0.6883923029174426,0.42029394992688457,0.3541590503336739,0.36837985688588315,0.7197915116873297,0.7084367245657568,0.4364602969860095,0.36839131874408065,0.38423817316203734,0.7576000918453699
facebook/bart-base,concreteness_score_addition,train,3,0.6983240223463687,0.4253922369292879,0.3534225852239283,0.3761001845140882,0.7434105313036007,0.7258064516129032,0.46521003526637605,0.36869564678240196,0.3984377651786271,0.7754112587794413
facebook/bart-base,concreteness_score_addition,train,4,0.6939788950962136,0.4213673548780063,0.3718602127493512,0.3886412778342949,0.7386276121148969,0.7127791563275434,0.4404403174229829,0.38161343229120803,0.4008671468979118,0.7730985527938727
facebook/bart-base,concreteness_score_addition,artificial_train_combined,1,0.685909373060211,0.35540669097827815,0.2518469483520096,0.2523205583542464,0.7087743402881733,0.7022332506203474,0.36700296046903114,0.251662523202682,0.2547913818086571,0.7234334931822304
facebook/bart-base,concreteness_score_addition,artificial_train_combined,2,0.707635009310987,0.4489642022336649,0.34511897830776583,0.3737062294396347,0.7321303594919664,0.7115384615384616,0.44092423045556445,0.3321934818370606,0.3616471875312989,0.7486458460108134
facebook/bart-base,concreteness_score_addition,artificial_train_combined,3,0.6778398510242085,0.4167820994414326,0.3850412454727066,0.3872696688004399,0.741753352359449,0.6885856079404467,0.43068810383605954,0.37404479075073416,0.3817452721778344,0.7483801462945872
facebook/bart-base,concreteness_score_addition,artificial_train_combined,4,0.6927374301675978,0.4223914649282835,0.3774685279905435,0.3907042365153489,0.743696937722736,0.705955334987593,0.4398475314089447,0.37439961558382395,0.394189741411649,0.7456736072864923
facebook/bart-base,normal_finetuning,train,1,0.7039106145251397,0.35093410985497314,0.29744720315989026,0.30546865069415696,0.6933118356398368,0.7047146401985112,0.332382548007548,0.2815780832259709,0.2887814215915707,0.6762599152322426
facebook/bart-base,normal_finetuning,train,2,0.6964618249534451,0.4232432628827786,0.35148362068853234,0.3724079161712285,0.7171933773532457,0.7096774193548387,0.440907639772888,0.3640966103764508,0.386368529743842,0.7585966290902519
facebook/bart-base,normal_finetuning,train,3,0.7051520794537555,0.44115638054338174,0.3661445700081947,0.3885802099597752,0.7307552994070688,0.7214640198511166,0.46506788983877223,0.3656290357184922,0.39376886164998004,0.7737514940947146
facebook/bart-base,normal_finetuning,train,4,0.6964618249534451,0.4261663910847358,0.37346463273229247,0.3923783487589373,0.7326235369651488,0.7220843672456576,0.4548382381187325,0.3914894831730128,0.41518807140360925,0.776405633543798
facebook/bart-base,normal_finetuning,artificial_train_combined,1,0.6896337678460583,0.42494599190184346,0.26487257451843044,0.2738568214250596,0.6824714796150582,0.7009925558312655,0.42362675995952737,0.2583131869086401,0.2657690587570671,0.7135223173681743
facebook/bart-base,normal_finetuning,artificial_train_combined,2,0.6890130353817505,0.41081509094399615,0.34014347671486594,0.3608828302705508,0.7217884808086161,0.7078163771712159,0.45065748660160543,0.35938309925669637,0.3878910962055507,0.737850820834112
facebook/bart-base,normal_finetuning,artificial_train_combined,3,0.6399751707014277,0.396843273464405,0.3683321505686939,0.36546069989478147,0.7393613790412739,0.6600496277915633,0.416617019788826,0.38104806653286166,0.38090260887332955,0.7497839047121518
facebook/bart-base,normal_finetuning,artificial_train_combined,4,0.6921166977032899,0.42086984311201103,0.37416944323295814,0.390069304574433,0.7415441982965765,0.7040942928039702,0.4425770229894229,0.3865735016572735,0.4046415797736948,0.7511411958459342
